음식명,나트륨,포화지방산,당류,1회제공량,지방,콜레스테롤,탄수화물,단백질,트랜스지방,칼로리
찐고구마,19.46mg,0.1g,32.64g,200g,0.47g,0mg,64.94g,3.34g,0.01g,277.31kcal
도토리묵,124.15mg,0.03g,0.43g,100g,0.32g,0mg,10.38g,0.29g,0g,45.6kcal
찐옥수수,179.23mg,0.57g,4.72g,200g,4.84g,0mg,68.39g,13.36g,0g,370.54kcal
돼지국밥,1096.58mg,8.4g,0g,1200g,38.6g,142.55mg,74.7g,66.4g,0.2g,911.4kcal
짜장면,1843.68mg,2.3g,36.43g,600g,13.3g,12.28mg,86.22g,16.15g,0.05g,529.18kcal
삼겹살구이,1152.79mg,24.83g,0g,200g,83.37g,79.44mg,0.69g,45.11g,0.68g,933.52kcal
물회,2095.9mg,2.8g,20g,700g,18.9g,120.26mg,55.3g,34.4g,0.1g,529.36kcal
아몬드,66mg,4g,4g,100g,0g,0g,23g,24g,0g,590kcal
복숭아,25.9mg,0.9g,27.4g,100g,0g,0g,0g,1.6g,0g,130.3kcal
바나나,88.1mg,3.9g,27g,100g,0g,0g,0g,3.7g,0g,169.7kcal
짬뽕,1446.06mg,1.98g,12.52g,800g,12.34g,84.18mg,66.06g,22.3g,0.06g,464.46kcal
김밥,705.16mg,2.54g,0g,230g,10.47g,44.4mg,45.95g,11.14g,0.05g,322.56kcal
현미밥,4.8mg,0.41g,0g,230g,1.09g,0mg,89.48g,7.14g,0g,396.31kcal
닭갈비,1152.79mg,24.83g,0g,550g,83.37g,79.44mg,0.69g,45.11g,0.68g,450.91kcal
국밥,2301.55mg,2.7g,0.4g,800g,8.2g,47.81mg,58.6g,27.6g,0.2g,418.35kcal
소고기미역국,19.46mg,0.1g,32.64g,200g,0.47g,0mg,64.94g,3.34g,0.01g,277.31kcal
우유,124.15mg,0.03g,0.43g,700g,0.32g,0mg,10.38g,0.29g,0g,383.98kcal
연어초밥,179.23mg,0.57g,4.72g,200g,4.84g,0mg,68.39g,13.36g,0g,370.54kcal
순대국,1096.58mg,8.4g,0g,1200g,38.6g,142.55mg,74.7g,66.4g,0.2g,911.4kcal
카페라떼,179.23mg,0.57g,4.72g,700g,4.84g,0mg,68.39g,13.36g,0g,540.65kcal
라면,1152.79mg,24.83g,0g,200g,83.37g,79.44mg,0.69g,45.11g,0.68g,933.52kcal
잡곡밥,2095.9mg,2.8g,20g,700g,18.9g,120.26mg,55.3g,34.4g,0.1g,529.36kcal
알리오올리오파스타,66mg,4g,4g,100g,0g,0g,23g,24g,0g,590kcal
미역국,25.9mg,0.9g,27.4g,100g,0g,0g,0g,1.6g,0g,130.3kcal
뼈해장국,88.1mg,3.9g,27g,100g,0g,0g,0g,3.7g,0g,169.7kcal
순대국밥,1446.06mg,1.98g,12.52g,800g,12.34g,84.18mg,66.06g,22.3g,0.06g,464.46kcal
마카롱,124.15mg,0.03g,0.43g,700g,0.32g,0mg,10.38g,0.29g,0g,383.98kcal
싸이버거,4.8mg,0.41g,0g,230g,1.09g,0mg,89.48g,7.14g,0g,396.31kcal
샤인머스켓에이드,1016.94mg,11.3g,8.5g,300g,31.6g,217.67mg,23.1g,45.5g,0.3g,558.47kcal
쌀국수,2301.55mg,2.7g,0.4g,800g,8.2g,47.81mg,58.6g,27.6g,0.2g,418.35kcal
참치,667mg,6g,3g,200g,0g,0g,0g,23g,0g,85.54kcal
자장면,124.15mg,0.03g,0.43g,355g,0.32g,0mg,10.38g,0.29g,0g,240kcal
김치찌개,179.23mg,0.57g,4.72g,250g,4.84g,0mg,68.39g,13.36g,0g,447.32kcal
마라탕,1096.58mg,8.4g,0g,800g,38.6g,142.55mg,74.7g,66.4g,0.2g,540.3kcal
고등어구이,1843.68mg,2.3g,36.43g,100g,13.3g,12.28mg,86.22g,16.15g,0.05g,17.6kcal
제육볶음,1152.79mg,24.83g,0g,550g,83.37g,79.44mg,0.69g,45.11g,0.68g,450.91kcal
휘낭시에,2095.9mg,2.8g,20g,200g,18.9g,120.26mg,55.3g,34.4g,0.1g,292.6kcal
설렁탕,66mg,4g,4g,302g,0g,0g,23g,24g,0g,465kcal
훈제오리,25.9mg,0.9g,27.4g,400g,0g,0g,0g,1.6g,0g,46.36kcal
삼계탕,88.1mg,3.9g,27g,800g,0g,0g,0g,3.7g,0g,206.01kcal
갈비탕,1446.06mg,1.98g,12.52g,900g,12.34g,84.18mg,66.06g,22.3g,0.06g,673.09kcal
비빔냉면,705.16mg,2.54g,0g,20g,10.47g,44.4mg,45.95g,11.14g,0.05g,76kcal
순두부찌개,4.8mg,0.41g,0g,200g,1.09g,0mg,89.48g,7.14g,0g,506kcal
족발,1016.94mg,11.3g,8.5g,500g,31.6g,217.67mg,23.1g,45.5g,0.3g,272kcal
육회,2301.55mg,2.7g,0.4g,600g,8.2g,47.81mg,58.6g,27.6g,0.2g,320.32kcal
육개장,19.46mg,0.1g,32.64g,200g,0.47g,0mg,64.94g,3.34g,0.01g,277.31kcal
물냉면,124.15mg,0.03g,0.43g,100g,0.32g,0mg,10.38g,0.29g,0g,45.6kcal
칼국수,179.23mg,0.57g,4.72g,200g,4.84g,0mg,68.39g,13.36g,0g,370.54kcal
양념치킨,1096.58mg,8.4g,0g,1200g,38.6g,142.55mg,74.7g,66.4g,0.2g,911.4kcal
잔치국수,1843.68mg,2.3g,36.43g,600g,13.3g,12.28mg,86.22g,16.15g,0.05g,529.18kcal
우동,1152.79mg,24.83g,0g,200g,83.37g,79.44mg,0.69g,45.11g,0.68g,933.52kcal
제육덮밥,2095.9mg,2.8g,20g,700g,18.9g,120.26mg,55.3g,34.4g,0.1g,529.36kcal
추어탕,19.46mg,0.1g,32.64g,200g,0.47g,0mg,64.94g,3.34g,0.01g,277.31kcal
배추김치,25.9mg,0.9g,27.4g,100g,0g,0g,0g,1.6g,0g,130.3kcal
뼈다귀해장국,88.1mg,3.9g,27g,100g,0g,0g,0g,3.7g,0g,169.7kcal
김치볶음밥,1446.06mg,1.98g,12.52g,800g,12.34g,84.18mg,66.06g,22.3g,0.06g,464.46kcal
선지해장국,705.16mg,2.54g,0g,230g,10.47g,44.4mg,45.95g,11.14g,0.05g,322.56kcal
식빵,4.8mg,0.41g,0g,230g,1.09g,0mg,89.48g,7.14g,0g,396.31kcal
블루베리,1016.94mg,11.3g,8.5g,300g,31.6g,217.67mg,23.1g,45.5g,0.3g,558.47kcal
아이스티,1096.58mg,8.4g,0g,1200g,38.6g,142.55mg,74.7g,66.4g,0.2g,911.4kcal
두부김치,19.46mg,0.1g,32.64g,650g,0.47g,0mg,64.94g,3.34g,0.01g,151kcal
콩나물,124.15mg,0.03g,0.43g,355g,0.32g,0mg,10.38g,0.29g,0g,240kcal
된장찌개,179.23mg,0.57g,4.72g,250g,4.84g,0mg,68.39g,13.36g,0g,447.32kcal
햄버거,66mg,4g,4g,150g,0g,0g,23g,24g,0g,201.08kcal
토마토파스타,1843.68mg,2.3g,36.43g,100g,13.3g,12.28mg,86.22g,16.15g,0.05g,17.6kcal
참치김밥,1152.79mg,24.83g,0g,550g,83.37g,79.44mg,0.69g,45.11g,0.68g,450.91kcal
맥주425ml,66mg,4g,4g,302g,0g,0g,23g,24g,0g,465kcal
쫄면,25.9mg,0.9g,27.4g,400g,0g,0g,0g,1.6g,0g,46.36kcal
생선까스,88.1mg,3.9g,27g,800g,0g,0g,0g,3.7g,0g,206.01kcal
등심돈까스,1446.06mg,1.98g,12.52g,900g,12.34g,84.18mg,66.06g,22.3g,0.06g,673.09kcal
찐감자,705.16mg,2.54g,0g,20g,10.47g,44.4mg,45.95g,11.14g,0.05g,76kcal
밀푀유 나베,4.8mg,0.41g,0g,200g,1.09g,0mg,89.48g,7.14g,0g,506kcal
부대찌개,667mg,6g,3g,100g,0g,0g,0g,23g,0g,109kcal
돼지껍데기볶음,2301.55mg,2.7g,0.4g,600g,8.2g,47.81mg,58.6g,27.6g,0.2g,320.32kcal
바닐라 라떼,1908.91mg,2g,0g,237g,5.3g,42.18mg,7.7g,18.1g,0.1g,480kcal
소불고기,1016.94mg,11.3g,8.5g,500g,31.6g,217.67mg,23.1g,45.5g,0.3g,272kcal
와퍼,1064.39mg,1.84g,12.88g,400g,9.74g,32.05mg,71.04g,18.88g,0.06g,243.03kcal
식혜,1504.04mg,10.98g,0g,100g,33.02g,246mg,17.26g,43.52g,0.16g,178kcal
조미김,24.9mg,0.42g,0.74g,200g,0.63g,0g,1.92g,1.07g,0.02g,551.8kcal
가래떡,1559.21mg,4.53g,0g,250g,12.52g,0mg,75.08g,9.48g,0.03g,487.98kcal
미숫가루,5.29mg,0.44g,0.64g,50g,1.74g,0mg,58.65g,10.59g,0g,230kcal
문어숙회,1197.64mg,2.17g,7.94g,500g,13.47g,0g,75.2g,12.38g,0g,118.37kcal
닭꼬치,670.7mg,0.19g,1.08g,250g,2.45g,0mg,3.49g,2.58g,0g,797.14kcal
떡볶이,2764.62mg,1.66g,5.07g,900g,7.77g,75.6mg,8.46g,25.55g,0.02g,911.39kcal
비빔국수,1137.58mg,11.33g,1.51g,670g,20.56g,438.19mg,93.46g,28.56g,0.08g,363.24kcal
막국수,23mg,0g,0g,500g,5g,0g,3g,0g,0g,499.16kcal
돼지고기 수육,65mg,0g,62g,250g,0g,0g,67g,1g,0g,582.68kcal
요거트,1651.58mg,1.4g,4.3g,150g,4.2g,33.6mg,55.1g,15.6g,0.1g,195.06kcal
인절미,124.15mg,0.03g,0.43g,100g,0.32g,0mg,10.38g,0.29g,0g,45.6kcal
까르보나라,179.23mg,0.57g,4.72g,200g,4.84g,0mg,68.39g,13.36g,0g,370.54kcal
고구마전,1096.58mg,8.4g,0g,1200g,38.6g,142.55mg,74.7g,66.4g,0.2g,911.4kcal
오징어젓,1843.68mg,2.3g,36.43g,600g,13.3g,12.28mg,86.22g,16.15g,0.05g,529.18kcal
볶음밥,1152.79mg,24.83g,0g,200g,83.37g,79.44mg,0.69g,45.11g,0.68g,933.52kcal
순대,1908.91mg,2g,0g,237g,5.3g,42.18mg,7.7g,18.1g,0.1g,480kcal
김치전,66mg,4g,4g,100g,0g,0g,23g,24g,0g,590kcal
영양돌솥밥,25.9mg,0.9g,27.4g,100g,0g,0g,0g,1.6g,0g,130.3kcal
돼지갈비,88.1mg,3.9g,27g,100g,0g,0g,0g,3.7g,0g,169.7kcal
해물찜,1446.06mg,1.98g,12.52g,800g,12.34g,84.18mg,66.06g,22.3g,0.06g,464.46kcal
콩국수,705.16mg,2.54g,0g,230g,10.47g,44.4mg,45.95g,11.14g,0.05g,322.56kcal
닭볶음탕,4.8mg,0.41g,0g,230g,1.09g,0mg,89.48g,7.14g,0g,396.31kcal
돼지고기김치찌개,1016.94mg,11.3g,8.5g,300g,31.6g,217.67mg,23.1g,45.5g,0.3g,558.47kcal
자바칩 프라페,2301.55mg,2.7g,0.4g,800g,8.2g,47.81mg,58.6g,27.6g,0.2g,418.35kcal
유스베리 티,19.46mg,0.1g,32.64g,650g,0.47g,0mg,64.94g,3.34g,0.01g,151kcal
새우탕,124.15mg,0.03g,0.43g,355g,0.32g,0mg,10.38g,0.29g,0g,240kcal
오리고기구이,179.23mg,0.57g,4.72g,250g,4.84g,0mg,68.39g,13.36g,0g,447.32kcal
새송이버섯구이,1096.58mg,8.4g,0g,800g,38.6g,142.55mg,74.7g,66.4g,0.2g,540.3kcal
멸치볶음,1843.68mg,2.3g,36.43g,100g,13.3g,12.28mg,86.22g,16.15g,0.05g,17.6kcal
파전,2095.9mg,2.8g,20g,200g,18.9g,120.26mg,55.3g,34.4g,0.1g,292.6kcal
불고기,66mg,4g,4g,302g,0g,0g,23g,24g,0g,465kcal
팥빙수,25.9mg,0.9g,27.4g,400g,0g,0g,0g,1.6g,0g,46.36kcal
도가니탕,88.1mg,3.9g,27g,800g,0g,0g,0g,3.7g,0g,206.01kcal
해파리냉채,1446.06mg,1.98g,12.52g,900g,12.34g,84.18mg,66.06g,22.3g,0.06g,673.09kcal
쫄깃한 토종효모빵,705.16mg,2.54g,0g,20g,10.47g,44.4mg,45.95g,11.14g,0.05g,76kcal
흑미밥,4.8mg,0.41g,0g,200g,1.09g,0mg,89.48g,7.14g,0g,506kcal
고구마맛탕,1016.94mg,11.3g,8.5g,500g,31.6g,217.67mg,23.1g,45.5g,0.3g,272kcal
떡갈비,2301.55mg,2.7g,0.4g,600g,8.2g,47.81mg,58.6g,27.6g,0.2g,320.32kcal
빅맥®,1908.91mg,2g,0g,237g,5.3g,42.18mg,7.7g,18.1g,0.1g,480kcal
닭발볶음,200mg,8g,18g,650g,0g,0g,0g,12g,0g,796.5kcal
순대볶음,1064.39mg,1.84g,12.88g,400g,9.74g,32.05mg,71.04g,18.88g,0.06g,243.03kcal
약과,1504.04mg,10.98g,0g,100g,33.02g,246mg,17.26g,43.52g,0.16g,178kcal
모닝빵,24.9mg,0.42g,0.74g,200g,0.63g,0g,1.92g,1.07g,0.02g,551.8kcal
보리밥,1559.21mg,4.53g,0g,250g,12.52g,0mg,75.08g,9.48g,0.03g,487.98kcal
닭발구이,5.29mg,0.44g,0.64g,50g,1.74g,0mg,58.65g,10.59g,0g,230kcal
달걀찜,1197.64mg,2.17g,7.94g,500g,13.47g,0g,75.2g,12.38g,0g,118.37kcal
아이스 아메리카노,670.7mg,0.19g,1.08g,250g,2.45g,0mg,3.49g,2.58g,0g,797.14kcal
아이스크림,2764.62mg,1.66g,5.07g,900g,7.77g,75.6mg,8.46g,25.55g,0.02g,911.39kcal
곰탕,1152.79mg,24.83g,0g,800g,83.37g,79.44mg,0.69g,45.11g,0.68g,1264.19kcal
치킨까스,23mg,0g,0g,500g,5g,0g,3g,0g,0g,499.16kcal
메밀전병,667mg,6g,3g,200g,0g,0g,0g,23g,0g,85.54kcal
캐슈넛,65mg,0g,62g,250g,0g,0g,67g,1g,0g,582.68kcal
만두,1651.58mg,1.4g,4.3g,150g,4.2g,33.6mg,55.1g,15.6g,0.1g,195.06kcal
찐빵,19.46mg,0.1g,32.64g,440g,0.47g,0mg,64.94g,3.34g,0.01g,130.33kcal
백설기,179.23mg,0.57g,4.72g,700g,4.84g,0mg,68.39g,13.36g,0g,540.65kcal
토피넛라떼,2301.55mg,2.7g,0.4g,800g,8.2g,47.81mg,58.6g,27.6g,0.2g,418.35kcal
레몬,1843.68mg,2.3g,36.43g,700g,13.3g,12.28mg,86.22g,16.15g,0.05g,310.2kcal
떡국,1152.79mg,24.83g,0g,800g,83.37g,79.44mg,0.69g,45.11g,0.68g,1264.19kcal
새우초밥,2095.9mg,2.8g,20g,470g,18.9g,120.26mg,55.3g,34.4g,0.1g,949.76kcal
후라이드치킨,66mg,4g,4g,350g,0g,0g,23g,24g,0g,188.33kcal
바닐라라떼,1446.06mg,1.98g,12.52g,900g,12.34g,84.18mg,66.06g,22.3g,0.06g,673.09kcal
치즈돈가스,88.1mg,3.9g,27g,1000g,0g,0g,0g,3.7g,0g,714kcal
아구찜,2764.62mg,1.66g,5.07g,200g,7.77g,75.6mg,8.46g,25.55g,0.02g,653.44kcal
탕수육,705.16mg,2.54g,0g,1000g,10.47g,44.4mg,45.95g,11.14g,0.05g,312kcal
치즈케이크,4.8mg,0.41g,0g,100g,1.09g,0mg,89.48g,7.14g,0g,264.36kcal
두부조림,1016.94mg,11.3g,8.5g,135g,31.6g,217.67mg,23.1g,45.5g,0.3g,204kcal
장어덮밥,2301.55mg,2.7g,0.4g,680g,8.2g,47.81mg,58.6g,27.6g,0.2g,54kcal
오리고기죽,19.46mg,0.1g,32.64g,200g,0.47g,0mg,64.94g,3.34g,0.01g,277.31kcal
양상추샐러드,124.15mg,0.03g,0.43g,100g,0.32g,0mg,10.38g,0.29g,0g,45.6kcal
감자튀김,1962.14mg,2.76g,3.03g,278g,15.01g,25.18mg,11.93g,15.07g,0.03g,619kcal
단무지,1843.68mg,2.3g,36.43g,600g,13.3g,12.28mg,86.22g,16.15g,0.05g,529.18kcal
계란볶음밥,1152.79mg,24.83g,0g,200g,83.37g,79.44mg,0.69g,45.11g,0.68g,933.52kcal
닭칼국수,2095.9mg,2.8g,20g,700g,18.9g,120.26mg,55.3g,34.4g,0.1g,529.36kcal
오므라이스,66mg,4g,4g,100g,0g,0g,23g,24g,0g,590kcal
임연수구이,25.9mg,0.9g,27.4g,100g,0g,0g,0g,1.6g,0g,130.3kcal
새우구이,88.1mg,3.9g,27g,100g,0g,0g,0g,3.7g,0g,169.7kcal
무지개떡,1446.06mg,1.98g,12.52g,800g,12.34g,84.18mg,66.06g,22.3g,0.06g,464.46kcal
순살치킨,2095.9mg,2.8g,20g,700g,18.9g,120.26mg,55.3g,34.4g,0.1g,529.36kcal
묵밥,4.8mg,0.41g,0g,230g,1.09g,0mg,89.48g,7.14g,0g,396.31kcal
라볶이,1016.94mg,11.3g,8.5g,300g,31.6g,217.67mg,23.1g,45.5g,0.3g,558.47kcal
콰트로치즈와퍼,19.46mg,0.1g,32.64g,650g,0.47g,0mg,64.94g,3.34g,0.01g,151kcal
소머리국밥,124.15mg,0.03g,0.43g,355g,0.32g,0mg,10.38g,0.29g,0g,240kcal
보쌈김치,179.23mg,0.57g,4.72g,250g,4.84g,0mg,68.39g,13.36g,0g,447.32kcal
헤이즐넛 아메리카노,1210mg,10.18g,0.45g,5g,39.95g,112.67mg,0.4g,47.65g,0.27g,23.5kcal
닭강정,1843.68mg,2.3g,36.43g,100g,13.3g,12.28mg,86.22g,16.15g,0.05g,17.6kcal
우삼겹피자(L),1152.79mg,24.83g,0g,550g,83.37g,79.44mg,0.69g,45.11g,0.68g,450.91kcal
짜장밥,2095.9mg,2.8g,20g,200g,18.9g,120.26mg,55.3g,34.4g,0.1g,292.6kcal
울면,66mg,4g,4g,302g,0g,0g,23g,24g,0g,465kcal
콩나물국,25.9mg,0.9g,27.4g,400g,0g,0g,0g,1.6g,0g,46.36kcal
가자미구이,88.1mg,3.9g,27g,800g,0g,0g,0g,3.7g,0g,206.01kcal
뚝배기불고기,1446.06mg,1.98g,12.52g,900g,12.34g,84.18mg,66.06g,22.3g,0.06g,673.09kcal
돼지머리고기,705.16mg,2.54g,0g,20g,10.47g,44.4mg,45.95g,11.14g,0.05g,76kcal
삼치구이,4.8mg,0.41g,0g,200g,1.09g,0mg,89.48g,7.14g,0g,506kcal
피자빵,1016.94mg,11.3g,8.5g,500g,31.6g,217.67mg,23.1g,45.5g,0.3g,272kcal
자몽 허니 블랙 티,2301.55mg,2.7g,0.4g,600g,8.2g,47.81mg,58.6g,27.6g,0.2g,320.32kcal
소고기무국,1908.91mg,2g,0g,237g,5.3g,42.18mg,7.7g,18.1g,0.1g,480kcal
갈치구이,200mg,8g,18g,650g,0g,0g,0g,12g,0g,796.5kcal
함박스테이크,1064.39mg,1.84g,12.88g,400g,9.74g,32.05mg,71.04g,18.88g,0.06g,243.03kcal
아메리카노,667mg,6g,3g,200g,0g,0g,0g,23g,0g,348.7kcal
어죽,24.9mg,0.42g,0.74g,200g,0.63g,0g,1.92g,1.07g,0.02g,551.8kcal
밀크티,1559.21mg,4.53g,0g,250g,12.52g,0mg,75.08g,9.48g,0.03g,487.98kcal
순댓국,5.29mg,0.44g,0.64g,50g,1.74g,0mg,58.65g,10.59g,0g,230kcal
사골국,1197.64mg,2.17g,7.94g,500g,13.47g,0g,75.2g,12.38g,0g,118.37kcal
가지나물,670.7mg,0.19g,1.08g,250g,2.45g,0mg,3.49g,2.58g,0g,797.14kcal
열무김치,2764.62mg,1.66g,5.07g,900g,7.77g,75.6mg,8.46g,25.55g,0.02g,911.39kcal
소고기국밥,1137.58mg,11.33g,1.51g,670g,20.56g,438.19mg,93.46g,28.56g,0.08g,363.24kcal
치킨텐더,23mg,0g,0g,500g,5g,0g,3g,0g,0g,499.16kcal
상하이 치킨 스낵랩,667mg,6g,3g,200g,0g,0g,0g,23g,0g,85.54kcal
소고기샤브샤브,65mg,0g,62g,250g,0g,0g,67g,1g,0g,582.68kcal
쑥떡,1651.58mg,1.4g,4.3g,150g,4.2g,33.6mg,55.1g,15.6g,0.1g,195.06kcal
광어매운탕,19.46mg,0.1g,32.64g,440g,0.47g,0mg,64.94g,3.34g,0.01g,130.33kcal
베이글,124.15mg,0.03g,0.43g,700g,0.32g,0mg,10.38g,0.29g,0g,383.98kcal
초콜릿,179.23mg,0.57g,4.72g,700g,4.84g,0mg,68.39g,13.36g,0g,540.65kcal
치킨무,1096.58mg,8.4g,0g,200g,38.6g,142.55mg,74.7g,66.4g,0.2g,552kcal
망고,1843.68mg,2.3g,36.43g,700g,13.3g,12.28mg,86.22g,16.15g,0.05g,310.2kcal
소갈비찜,1152.79mg,24.83g,0g,800g,83.37g,79.44mg,0.69g,45.11g,0.68g,1264.19kcal
코다리찜,2095.9mg,2.8g,20g,470g,18.9g,120.26mg,55.3g,34.4g,0.1g,949.76kcal
호박전,66mg,4g,4g,350g,0g,0g,23g,24g,0g,188.33kcal
바스크 치즈케이크,25.9mg,0.9g,27.4g,40g,0g,0g,0g,1.6g,0g,10.66kcal
페퍼로니피자,88.1mg,3.9g,27g,1000g,0g,0g,0g,3.7g,0g,714kcal
미역줄기볶음,1446.06mg,1.98g,12.52g,330g,12.34g,84.18mg,66.06g,22.3g,0.06g,550.64kcal
마늘보쌈세트,705.16mg,2.54g,0g,1000g,10.47g,44.4mg,45.95g,11.14g,0.05g,312kcal
고추잡채,4.8mg,0.41g,0g,100g,1.09g,0mg,89.48g,7.14g,0g,264.36kcal
오뎅 튀김,1016.94mg,11.3g,8.5g,135g,31.6g,217.67mg,23.1g,45.5g,0.3g,204kcal
차이라떼,2301.55mg,2.7g,0.4g,680g,8.2g,47.81mg,58.6g,27.6g,0.2g,54kcal
조기구이,1908.91mg,2g,0g,250g,5.3g,42.18mg,7.7g,18.1g,0.1g,288.21kcal
애호박전,200mg,8g,18g,50g,0g,0g,0g,12g,0g,25.34kcal
양파볶음,1064.39mg,1.84g,12.88g,200g,9.74g,32.05mg,71.04g,18.88g,0.06g,91.91kcal
잣죽,1504.04mg,10.98g,0g,200g,33.02g,246mg,17.26g,43.52g,0.16g,527.67kcal
메밀국수,24.9mg,0.42g,0.74g,331g,0.63g,0g,1.92g,1.07g,0.02g,346kcal
떡만두국,1559.21mg,4.53g,0g,250g,12.52g,0mg,75.08g,9.48g,0.03g,435.04kcal
맥스파이시® 상하이 버거,5.29mg,0.44g,0.64g,465g,1.74g,0mg,58.65g,10.59g,0g,261kcal
잡채,1197.64mg,2.17g,7.94g,425g,13.47g,0g,75.2g,12.38g,0g,157kcal
오징어순대,670.7mg,0.19g,1.08g,550g,2.45g,0mg,3.49g,2.58g,0g,706.96kcal
배추전,2764.62mg,1.66g,5.07g,200g,7.77g,75.6mg,8.46g,25.55g,0.02g,653.44kcal
해쉬 브라운,1137.58mg,11.33g,1.51g,200g,20.56g,438.19mg,93.46g,28.56g,0.08g,463.93kcal
통밀빵,23mg,0g,0g,200g,5g,0g,3g,0g,0g,140.18kcal
돌체 라떼,667mg,6g,3g,100g,0g,0g,0g,23g,0g,109kcal
1955 버거,65mg,0g,62g,600g,0g,0g,67g,1g,0g,737.25kcal
감자탕,1651.58mg,1.4g,4.3g,150g,4.2g,33.6mg,55.1g,15.6g,0.1g,352kcal
마파두부,19.46mg,0.1g,32.64g,200g,0.47g,0mg,64.94g,3.34g,0.01g,277.31kcal
두부부침,124.15mg,0.03g,0.43g,100g,0.32g,0mg,10.38g,0.29g,0g,45.6kcal
안동찜닭,179.23mg,0.57g,4.72g,200g,4.84g,0mg,68.39g,13.36g,0g,370.54kcal
삼선짬뽕,1096.58mg,8.4g,0g,1200g,38.6g,142.55mg,74.7g,66.4g,0.2g,911.4kcal
연어롤,1843.68mg,2.3g,36.43g,600g,13.3g,12.28mg,86.22g,16.15g,0.05g,529.18kcal
해물칼국수,1152.79mg,24.83g,0g,200g,83.37g,79.44mg,0.69g,45.11g,0.68g,933.52kcal
콜드브루,66mg,4g,4g,100g,0g,0g,23g,24g,0g,590kcal
징거버거,25.9mg,0.9g,27.4g,100g,0g,0g,0g,1.6g,0g,130.3kcal
깍두기,88.1mg,3.9g,27g,100g,0g,0g,0g,3.7g,0g,169.7kcal
콩나물무침,1446.06mg,1.98g,12.52g,800g,12.34g,84.18mg,66.06g,22.3g,0.06g,464.46kcal
돌솥비빔밥,705.16mg,2.54g,0g,230g,10.47g,44.4mg,45.95g,11.14g,0.05g,322.56kcal
참치마요삼각김밥,4.8mg,0.41g,0g,230g,1.09g,0mg,89.48g,7.14g,0g,396.31kcal
김치볶음,1016.94mg,11.3g,8.5g,300g,31.6g,217.67mg,23.1g,45.5g,0.3g,558.47kcal
라떼,2301.55mg,2.7g,0.4g,800g,8.2g,47.81mg,58.6g,27.6g,0.2g,418.35kcal
비빔밥,19.46mg,0.1g,32.64g,650g,0.47g,0mg,64.94g,3.34g,0.01g,151kcal
숙주나물,124.15mg,0.03g,0.43g,355g,0.32g,0mg,10.38g,0.29g,0g,240kcal
오징어볶음,179.23mg,0.57g,4.72g,250g,4.84g,0mg,68.39g,13.36g,0g,447.32kcal
타로버블티,1096.58mg,8.4g,0g,800g,38.6g,142.55mg,74.7g,66.4g,0.2g,540.3kcal
카레라이스,1843.68mg,2.3g,36.43g,100g,13.3g,12.28mg,86.22g,16.15g,0.05g,17.6kcal
돼지머리국밥,1152.79mg,24.83g,0g,550g,83.37g,79.44mg,0.69g,45.11g,0.68g,450.91kcal
아이스 유스베리 티,2095.9mg,2.8g,20g,200g,18.9g,120.26mg,55.3g,34.4g,0.1g,292.6kcal
등심돈가스,66mg,4g,4g,302g,0g,0g,23g,24g,0g,465kcal
충무김밥,25.9mg,0.9g,27.4g,400g,0g,0g,0g,1.6g,0g,46.36kcal
닭똥집튀김,88.1mg,3.9g,27g,800g,0g,0g,0g,3.7g,0g,206.01kcal
달걀프라이,1446.06mg,1.98g,12.52g,900g,12.34g,84.18mg,66.06g,22.3g,0.06g,673.09kcal
양념 치킨,705.16mg,2.54g,0g,20g,10.47g,44.4mg,45.95g,11.14g,0.05g,76kcal
양념게장,4.8mg,0.41g,0g,200g,1.09g,0mg,89.48g,7.14g,0g,506kcal
코다리조림,2301.55mg,2.7g,0.4g,600g,8.2g,47.81mg,58.6g,27.6g,0.2g,320.32kcal
만둣국,1908.91mg,2g,0g,237g,5.3g,42.18mg,7.7g,18.1g,0.1g,480kcal
등심스테이크,200mg,8g,18g,650g,0g,0g,0g,12g,0g,796.5kcal
더블 불고기 버거,1064.39mg,1.84g,12.88g,400g,9.74g,32.05mg,71.04g,18.88g,0.06g,243.03kcal
쑥절편,1504.04mg,10.98g,0g,100g,33.02g,246mg,17.26g,43.52g,0.16g,178kcal
찹쌀떡,24.9mg,0.42g,0.74g,200g,0.63g,0g,1.92g,1.07g,0.02g,551.8kcal
버섯전,1559.21mg,4.53g,0g,250g,12.52g,0mg,75.08g,9.48g,0.03g,487.98kcal
생크림 와플,5.29mg,0.44g,0.64g,50g,1.74g,0mg,58.65g,10.59g,0g,230kcal
불싸이버거,1197.64mg,2.17g,7.94g,500g,13.47g,0g,75.2g,12.38g,0g,118.37kcal
쥐포구이,670.7mg,0.19g,1.08g,250g,2.45g,0mg,3.49g,2.58g,0g,797.14kcal
메추리알 장조림,2764.62mg,1.66g,5.07g,900g,7.77g,75.6mg,8.46g,25.55g,0.02g,911.39kcal
부추전,1137.58mg,11.33g,1.51g,670g,20.56g,438.19mg,93.46g,28.56g,0.08g,363.24kcal
치즈김밥,23mg,0g,0g,500g,5g,0g,3g,0g,0g,499.16kcal
멸치견과류볶음,667mg,6g,3g,200g,0g,0g,0g,23g,0g,85.54kcal
블랙 밀크티 (ice)J,65mg,0g,62g,250g,0g,0g,67g,1g,0g,582.68kcal
초당순두부,1651.58mg,1.4g,4.3g,150g,4.2g,33.6mg,55.1g,15.6g,0.1g,195.06kcal
쥐포튀김,19.46mg,0.1g,32.64g,440g,0.47g,0mg,64.94g,3.34g,0.01g,130.33kcal
헤이즐넛 라떼,124.15mg,0.03g,0.43g,700g,0.32g,0mg,10.38g,0.29g,0g,383.98kcal
치킨너겟,179.23mg,0.57g,4.72g,700g,4.84g,0mg,68.39g,13.36g,0g,540.65kcal
갈치조림,1096.58mg,8.4g,0g,200g,38.6g,142.55mg,74.7g,66.4g,0.2g,552kcal
소보로빵,1843.68mg,2.3g,36.43g,700g,13.3g,12.28mg,86.22g,16.15g,0.05g,310.2kcal
매운갈비찜,1152.79mg,24.83g,0g,800g,83.37g,79.44mg,0.69g,45.11g,0.68g,1264.19kcal
돼지불고기,2095.9mg,2.8g,20g,470g,18.9g,120.26mg,55.3g,34.4g,0.1g,949.76kcal
흑당 버블티,66mg,4g,4g,350g,0g,0g,23g,24g,0g,188.33kcal
베이컨 토마토 디럭스,25.9mg,0.9g,27.4g,40g,0g,0g,0g,1.6g,0g,10.66kcal
돼지갈비찜,88.1mg,3.9g,27g,1000g,0g,0g,0g,3.7g,0g,714kcal
차이 티 라떼,1446.06mg,1.98g,12.52g,330g,12.34g,84.18mg,66.06g,22.3g,0.06g,550.64kcal
소곱창구이,705.16mg,2.54g,0g,1000g,10.47g,44.4mg,45.95g,11.14g,0.05g,312kcal
바닐라 크림 콜드 브루,4.8mg,0.41g,0g,100g,1.09g,0mg,89.48g,7.14g,0g,264.36kcal
찹쌀도넛,1016.94mg,11.3g,8.5g,135g,31.6g,217.67mg,23.1g,45.5g,0.3g,204kcal
토마토소스스파게티,2301.55mg,2.7g,0.4g,680g,8.2g,47.81mg,58.6g,27.6g,0.2g,54kcal
블랙 밀크티 (ice)L,1908.91mg,2g,0g,250g,5.3g,42.18mg,7.7g,18.1g,0.1g,288.21kcal
치즈스틱,200mg,8g,18g,50g,0g,0g,0g,12g,0g,25.34kcal
수수팥떡,1064.39mg,1.84g,12.88g,200g,9.74g,32.05mg,71.04g,18.88g,0.06g,91.91kcal
골뱅이무침,1504.04mg,10.98g,0g,200g,33.02g,246mg,17.26g,43.52g,0.16g,527.67kcal
간장게장,24.9mg,0.42g,0.74g,331g,0.63g,0g,1.92g,1.07g,0.02g,346kcal
알탕,1559.21mg,4.53g,0g,250g,12.52g,0mg,75.08g,9.48g,0.03g,435.04kcal
치즈와퍼,5.29mg,0.44g,0.64g,465g,1.74g,0mg,58.65g,10.59g,0g,261kcal
오리불고기,1197.64mg,2.17g,7.94g,425g,13.47g,0g,75.2g,12.38g,0g,157kcal
코코넛,670.7mg,0.19g,1.08g,550g,2.45g,0mg,3.49g,2.58g,0g,706.96kcal
돼지곱창순대볶음,2764.62mg,1.66g,5.07g,200g,7.77g,75.6mg,8.46g,25.55g,0.02g,653.44kcal
바지락칼국수,1137.58mg,11.33g,1.51g,200g,20.56g,438.19mg,93.46g,28.56g,0.08g,463.93kcal
굴비구이,23mg,0g,0g,200g,5g,0g,3g,0g,0g,140.18kcal
소고기김밥,667mg,6g,3g,100g,0g,0g,0g,23g,0g,109kcal
모짜렐라 인 더 버거 - 베이컨,65mg,0g,62g,600g,0g,0g,67g,1g,0g,737.25kcal
치즈피자,2764.62mg,1.66g,5.07g,900g,7.77g,75.6mg,8.46g,25.55g,0.02g,911.39kcal
<피코크>마라샹궈,580mg,7g,20g,100g,0g,0g,0g,5g,0g,40.7kcal
슈거글레이즈드도넛,2391.58mg,8.52g,7.8g,200g,20.32g,10.76mg,133.63g,19.77g,0.17g,339.22kcal
블랙 밀크티 (hot)L,1962.14mg,2.76g,3.03g,278g,15.01g,25.18mg,11.93g,15.07g,0.03g,619kcal
호떡,857mg,3.4g,1g,150g,10g,23mg,13g,9g,0.5g,130.14kcal
수제비,1251.93mg,10.46g,0.94g,100g,35.47g,114mg,11.82g,30.37g,0.15g,195.16kcal
안심스테이크,110mg,8g,0g,300g,0g,0g,22g,0g,0g,211.16kcal
에그 맥머핀,109.78mg,1.15g,0g,80g,2.88g,34.85mg,1.8g,21.3g,0.09g,66.91kcal
차돌박이 숙주 볶음,1220.37mg,15.98g,0.27g,70g,64.07g,171mg,12.08g,43.06g,0.39g,176.72kcal
녹차,736.67mg,11.64g,4.03g,180g,43.19g,433.68mg,34.57g,96.09g,0.28g,260.02kcal
양송이스프,1330.59mg,5.27g,0.77g,500g,13.83g,210.78mg,2.68g,57g,0.39g,512.46kcal
오삼불고기,887.31mg,2.69g,20.1g,600g,13.21g,236.69mg,66.74g,28.33g,0.05g,799.33kcal
크림슨 펀치 ICE,426.64mg,0.9g,1.19g,362g,4.32g,17.15mg,2.61g,9.06g,0.01g,310kcal
생선물회,861.47mg,11.64g,0g,300g,34.78g,229.31mg,2.32g,65.09g,0.16g,936.89kcal
청포묵무침,627.01mg,3.17g,7.93g,100g,9.64g,42.14mg,12.18g,14.9g,0.12g,150.1kcal
돼지불백,19.46mg,0.1g,32.64g,200g,0.47g,0mg,64.94g,3.34g,0.01g,277.31kcal
야채 튀김,124.15mg,0.03g,0.43g,100g,0.32g,0mg,10.38g,0.29g,0g,45.6kcal
깨송편,179.23mg,0.57g,4.72g,200g,4.84g,0mg,68.39g,13.36g,0g,370.54kcal
시루떡,1096.58mg,8.4g,0g,1200g,38.6g,142.55mg,74.7g,66.4g,0.2g,911.4kcal
어묵국,1843.68mg,2.3g,36.43g,600g,13.3g,12.28mg,86.22g,16.15g,0.05g,529.18kcal
민트 초코,1152.79mg,24.83g,0g,200g,83.37g,79.44mg,0.69g,45.11g,0.68g,933.52kcal
화이트갈릭버거,2095.9mg,2.8g,20g,700g,18.9g,120.26mg,55.3g,34.4g,0.1g,529.36kcal
오이냉국,66mg,4g,4g,100g,0g,0g,23g,24g,0g,590kcal
감자전,25.9mg,0.9g,27.4g,100g,0g,0g,0g,1.6g,0g,130.3kcal
어묵볶음,88.1mg,3.9g,27g,100g,0g,0g,0g,3.7g,0g,169.7kcal
우엉조림,1446.06mg,1.98g,12.52g,800g,12.34g,84.18mg,66.06g,22.3g,0.06g,464.46kcal
플레인요거트스무디,705.16mg,2.54g,0g,230g,10.47g,44.4mg,45.95g,11.14g,0.05g,322.56kcal
땅콩조림,4.8mg,0.41g,0g,230g,1.09g,0mg,89.48g,7.14g,0g,396.31kcal
히비스커스 티,1016.94mg,11.3g,8.5g,300g,31.6g,217.67mg,23.1g,45.5g,0.3g,558.47kcal
슈크림빵,2301.55mg,2.7g,0.4g,800g,8.2g,47.81mg,58.6g,27.6g,0.2g,418.35kcal
건새우볶음,19.46mg,0.1g,32.64g,650g,0.47g,0mg,64.94g,3.34g,0.01g,151kcal
명란파스타,124.15mg,0.03g,0.43g,355g,0.32g,0mg,10.38g,0.29g,0g,240kcal
주꾸미볶음,179.23mg,0.57g,4.72g,250g,4.84g,0mg,68.39g,13.36g,0g,447.32kcal
고추튀김,1096.58mg,8.4g,0g,800g,38.6g,142.55mg,74.7g,66.4g,0.2g,540.3kcal
감바스 알아히요,1843.68mg,2.3g,36.43g,100g,13.3g,12.28mg,86.22g,16.15g,0.05g,17.6kcal
굴국밥,1152.79mg,24.83g,0g,550g,83.37g,79.44mg,0.69g,45.11g,0.68g,450.91kcal
돼지고기콩나물두루치기,2095.9mg,2.8g,20g,200g,18.9g,120.26mg,55.3g,34.4g,0.1g,292.6kcal
스타벅스 돌체 라떼,66mg,4g,4g,302g,0g,0g,23g,24g,0g,465kcal
이탈리안 비엠티,887.31mg,2.69g,20.1g,600g,13.21g,236.69mg,66.74g,28.33g,0.05g,799.33kcal
캬라멜 마끼아또 tall (hot),88.1mg,3.9g,27g,800g,0g,0g,0g,3.7g,0g,206.01kcal
고기만두,1446.06mg,1.98g,12.52g,900g,12.34g,84.18mg,66.06g,22.3g,0.06g,673.09kcal
새송이버섯볶음,705.16mg,2.54g,0g,20g,10.47g,44.4mg,45.95g,11.14g,0.05g,76kcal
휠렛버거,4.8mg,0.41g,0g,200g,1.09g,0mg,89.48g,7.14g,0g,506kcal
슈비 버거,1016.94mg,11.3g,8.5g,500g,31.6g,217.67mg,23.1g,45.5g,0.3g,272kcal
오징어국,2301.55mg,2.7g,0.4g,600g,8.2g,47.81mg,58.6g,27.6g,0.2g,320.32kcal
샤케라또,1908.91mg,2g,0g,237g,5.3g,42.18mg,7.7g,18.1g,0.1g,480kcal
커즈마인(시트러스 캐모마일),200mg,8g,18g,650g,0g,0g,0g,12g,0g,796.5kcal
고구마튀김,1064.39mg,1.84g,12.88g,400g,9.74g,32.05mg,71.04g,18.88g,0.06g,243.03kcal
햄샌드위치,1504.04mg,10.98g,0g,100g,33.02g,246mg,17.26g,43.52g,0.16g,178kcal
시래기나물,24.9mg,0.42g,0.74g,200g,0.63g,0g,1.92g,1.07g,0.02g,551.8kcal
버팔로윙 4조각,1559.21mg,4.53g,0g,250g,12.52g,0mg,75.08g,9.48g,0.03g,487.98kcal
북어포,5.29mg,0.44g,0.64g,50g,1.74g,0mg,58.65g,10.59g,0g,230kcal
꽃게탕,1197.64mg,2.17g,7.94g,500g,13.47g,0g,75.2g,12.38g,0g,118.37kcal
딸기,670.7mg,0.19g,1.08g,250g,2.45g,0mg,3.49g,2.58g,0g,797.14kcal
플레인 요거트 스무디,1137.58mg,11.33g,1.51g,670g,20.56g,438.19mg,93.46g,28.56g,0.08g,363.24kcal
콩비지찌개,23mg,0g,0g,500g,5g,0g,3g,0g,0g,499.16kcal
감자볶음,667mg,6g,3g,200g,0g,0g,0g,23g,0g,85.54kcal
몬스터X,65mg,0g,62g,250g,0g,0g,67g,1g,0g,582.68kcal
느타리버섯볶음,1651.58mg,1.4g,4.3g,150g,4.2g,33.6mg,55.1g,15.6g,0.1g,195.06kcal
호박죽,19.46mg,0.1g,32.64g,440g,0.47g,0mg,64.94g,3.34g,0.01g,130.33kcal
돈까스김밥,179.23mg,0.57g,4.72g,700g,4.84g,0mg,68.39g,13.36g,0g,540.65kcal
화이트펄,1096.58mg,8.4g,0g,200g,38.6g,142.55mg,74.7g,66.4g,0.2g,552kcal
오이지,1843.68mg,2.3g,36.43g,700g,13.3g,12.28mg,86.22g,16.15g,0.05g,310.2kcal
무생채,1152.79mg,24.83g,0g,800g,83.37g,79.44mg,0.69g,45.11g,0.68g,1264.19kcal
꿀아메리카노ICE,2095.9mg,2.8g,20g,470g,18.9g,120.26mg,55.3g,34.4g,0.1g,949.76kcal
닭가슴살샌드위치,66mg,4g,4g,350g,0g,0g,23g,24g,0g,188.33kcal
더치 라떼,25.9mg,0.9g,27.4g,40g,0g,0g,0g,1.6g,0g,10.66kcal
양념장어구이,88.1mg,3.9g,27g,1000g,0g,0g,0g,3.7g,0g,714kcal
황태해장국,1446.06mg,1.98g,12.52g,330g,12.34g,84.18mg,66.06g,22.3g,0.06g,550.64kcal
조기찜,705.16mg,2.54g,0g,1000g,10.47g,44.4mg,45.95g,11.14g,0.05g,312kcal
깻잎장아찌,4.8mg,0.41g,0g,100g,1.09g,0mg,89.48g,7.14g,0g,264.36kcal
절편,1016.94mg,11.3g,8.5g,135g,31.6g,217.67mg,23.1g,45.5g,0.3g,204kcal
카라멜마끼아또,627.01mg,3.17g,7.93g,100g,9.64g,42.14mg,12.18g,14.9g,0.12g,150.1kcal
깨찰빵,1908.91mg,2g,0g,250g,5.3g,42.18mg,7.7g,18.1g,0.1g,288.21kcal
로스트 치킨,200mg,8g,18g,50g,0g,0g,0g,12g,0g,25.34kcal
와퍼주니어,1064.39mg,1.84g,12.88g,200g,9.74g,32.05mg,71.04g,18.88g,0.06g,91.91kcal
낙지볶음,1504.04mg,10.98g,0g,200g,33.02g,246mg,17.26g,43.52g,0.16g,527.67kcal
치킨1조각,24.9mg,0.42g,0.74g,331g,0.63g,0g,1.92g,1.07g,0.02g,346kcal
고구마 L,1559.21mg,4.53g,0g,250g,12.52g,0mg,75.08g,9.48g,0.03g,435.04kcal
펄,5.29mg,0.44g,0.64g,465g,1.74g,0mg,58.65g,10.59g,0g,261kcal
플레인스콘,1197.64mg,2.17g,7.94g,425g,13.47g,0g,75.2g,12.38g,0g,157kcal
슈슈 버거,670.7mg,0.19g,1.08g,550g,2.45g,0mg,3.49g,2.58g,0g,706.96kcal
츄러스,2764.62mg,1.66g,5.07g,200g,7.77g,75.6mg,8.46g,25.55g,0.02g,653.44kcal
베이컨크림파스타,1137.58mg,11.33g,1.51g,200g,20.56g,438.19mg,93.46g,28.56g,0.08g,463.93kcal
도넛,23mg,0g,0g,200g,5g,0g,3g,0g,0g,140.18kcal
로티세리 치킨,667mg,6g,3g,100g,0g,0g,0g,23g,0g,109kcal
돼지등갈비찜,65mg,0g,62g,600g,0g,0g,67g,1g,0g,737.25kcal
삼선볶음밥,1651.58mg,1.4g,4.3g,150g,4.2g,33.6mg,55.1g,15.6g,0.1g,352kcal
수수부꾸미,580mg,7g,20g,100g,0g,0g,0g,5g,0g,40.7kcal
호박부침개,2391.58mg,8.52g,7.8g,200g,20.32g,10.76mg,133.63g,19.77g,0.17g,339.22kcal
샐러드김밥,1962.14mg,2.76g,3.03g,278g,15.01g,25.18mg,11.93g,15.07g,0.03g,619kcal
가자미전,857mg,3.4g,1g,150g,10g,23mg,13g,9g,0.5g,130.14kcal
깻잎전,1210mg,10.18g,0.45g,5g,39.95g,112.67mg,0.4g,47.65g,0.27g,23.5kcal
모카빵,1251.93mg,10.46g,0.94g,100g,35.47g,114mg,11.82g,30.37g,0.15g,195.16kcal
1회용 핫소스,110mg,8g,0g,300g,0g,0g,22g,0g,0g,211.16kcal
야채전,109.78mg,1.15g,0g,80g,2.88g,34.85mg,1.8g,21.3g,0.09g,66.91kcal
신림동 백순대볶음,1220.37mg,15.98g,0.27g,70g,64.07g,171mg,12.08g,43.06g,0.39g,176.72kcal
생맥주,736.67mg,11.64g,4.03g,180g,43.19g,433.68mg,34.57g,96.09g,0.28g,260.02kcal
양배추샐러드,1330.59mg,5.27g,0.77g,500g,13.83g,210.78mg,2.68g,57g,0.39g,512.46kcal
레인보우 샤베트,887.31mg,2.69g,20.1g,600g,13.21g,236.69mg,66.74g,28.33g,0.05g,799.33kcal
오리백숙,426.64mg,0.9g,1.19g,362g,4.32g,17.15mg,2.61g,9.06g,0.01g,310kcal
고등어조림,861.47mg,11.64g,0g,300g,34.78g,229.31mg,2.32g,65.09g,0.16g,936.89kcal
장어초밥,19.46mg,0.1g,32.64g,1000g,0.47g,0mg,64.94g,3.34g,0.01g,316.72kcal
치킨봉,124.15mg,0.03g,0.43g,100g,0.32g,0mg,10.38g,0.29g,0g,242.26kcal
햄,1446.06mg,1.98g,12.52g,800g,12.34g,84.18mg,66.06g,22.3g,0.06g,464.46kcal
콩나물국밥,1096.58mg,8.4g,0g,140g,38.6g,142.55mg,74.7g,66.4g,0.2g,318.36kcal
오렌지 보스(루이보스 오렌지),1843.68mg,2.3g,36.43g,10g,13.3g,12.28mg,86.22g,16.15g,0.05g,6.03kcal
해쉬브라운,1152.79mg,24.83g,0g,200g,83.37g,79.44mg,0.69g,45.11g,0.68g,933.52kcal
하이라이스,2095.9mg,2.8g,20g,300g,18.9g,120.26mg,55.3g,34.4g,0.1g,542.42kcal
복지리탕,66mg,4g,4g,150g,0g,0g,23g,24g,0g,201.08kcal
팥시루떡,25.9mg,0.9g,27.4g,350g,0g,0g,0g,1.6g,0g,643.16kcal
약식,88.1mg,3.9g,27g,100g,0g,0g,0g,3.7g,0g,240.32kcal
잡탕밥,1446.06mg,1.98g,12.52g,500g,12.34g,84.18mg,66.06g,22.3g,0.06g,400.08kcal
우거지해장국,705.16mg,2.54g,0g,800g,10.47g,44.4mg,45.95g,11.14g,0.05g,651.57kcal
쇠고기 메추리알 장조림,4.8mg,0.41g,0g,300g,1.09g,0mg,89.48g,7.14g,0g,332.04kcal
핫크리스피버거,1016.94mg,11.3g,8.5g,200g,31.6g,217.67mg,23.1g,45.5g,0.3g,90.91kcal
새우튀김,2301.55mg,2.7g,0.4g,414g,8.2g,47.81mg,58.6g,27.6g,0.2g,392kcal
카야토스트,19.46mg,0.1g,32.64g,200g,0.47g,0mg,64.94g,3.34g,0.01g,277.31kcal
요거트 스무디,124.15mg,0.03g,0.43g,100g,0.32g,0mg,10.38g,0.29g,0g,45.6kcal
머스타드소스,179.23mg,0.57g,4.72g,200g,4.84g,0mg,68.39g,13.36g,0g,370.54kcal
짬뽕밥,1096.58mg,8.4g,0g,1200g,38.6g,142.55mg,74.7g,66.4g,0.2g,911.4kcal
던킨 글레이즈드,1843.68mg,2.3g,36.43g,600g,13.3g,12.28mg,86.22g,16.15g,0.05g,529.18kcal
카푸치노,1152.79mg,24.83g,0g,200g,83.37g,79.44mg,0.69g,45.11g,0.68g,933.52kcal
새우볶음밥,2095.9mg,2.8g,20g,700g,18.9g,120.26mg,55.3g,34.4g,0.1g,529.36kcal
오징어튀김,66mg,4g,4g,100g,0g,0g,23g,24g,0g,590kcal
배추겉절이,25.9mg,0.9g,27.4g,100g,0g,0g,0g,1.6g,0g,130.3kcal
에그 마요,88.1mg,3.9g,27g,100g,0g,0g,0g,3.7g,0g,169.7kcal
못난이찹쌀꽈배기,705.16mg,2.54g,0g,230g,10.47g,44.4mg,45.95g,11.14g,0.05g,322.56kcal
새싹채소샐러드,4.8mg,0.41g,0g,230g,1.09g,0mg,89.48g,7.14g,0g,396.31kcal
불고기버거,1016.94mg,11.3g,8.5g,300g,31.6g,217.67mg,23.1g,45.5g,0.3g,558.47kcal
살사소스,2301.55mg,2.7g,0.4g,800g,8.2g,47.81mg,58.6g,27.6g,0.2g,418.35kcal
캐모마일 티,19.46mg,0.1g,32.64g,650g,0.47g,0mg,64.94g,3.34g,0.01g,151kcal
오이지무침,124.15mg,0.03g,0.43g,355g,0.32g,0mg,10.38g,0.29g,0g,240kcal
두부전,179.23mg,0.57g,4.72g,250g,4.84g,0mg,68.39g,13.36g,0g,447.32kcal
돼지고기 짜글이,1096.58mg,8.4g,0g,800g,38.6g,142.55mg,74.7g,66.4g,0.2g,540.3kcal
회덮밥,1843.68mg,2.3g,36.43g,100g,13.3g,12.28mg,86.22g,16.15g,0.05g,17.6kcal
기장밥,1152.79mg,24.83g,0g,550g,83.37g,79.44mg,0.69g,45.11g,0.68g,450.91kcal
녹두빈대떡,2095.9mg,2.8g,20g,200g,18.9g,120.26mg,55.3g,34.4g,0.1g,292.6kcal
송이덮밥,66mg,4g,4g,302g,0g,0g,23g,24g,0g,465kcal
유과,25.9mg,0.9g,27.4g,400g,0g,0g,0g,1.6g,0g,46.36kcal
가지전,88.1mg,3.9g,27g,800g,0g,0g,0g,3.7g,0g,206.01kcal
아이스 라떼,705.16mg,2.54g,0g,20g,10.47g,44.4mg,45.95g,11.14g,0.05g,76kcal
타워버거,4.8mg,0.41g,0g,200g,1.09g,0mg,89.48g,7.14g,0g,506kcal
통새우와퍼,1016.94mg,11.3g,8.5g,500g,31.6g,217.67mg,23.1g,45.5g,0.3g,272kcal
갈릭 디핑소스,2301.55mg,2.7g,0.4g,600g,8.2g,47.81mg,58.6g,27.6g,0.2g,320.32kcal
내장탕,200mg,8g,18g,650g,0g,0g,0g,12g,0g,796.5kcal
간짜장,1064.39mg,1.84g,12.88g,400g,9.74g,32.05mg,71.04g,18.88g,0.06g,243.03kcal
녹차라떼,1504.04mg,10.98g,0g,100g,33.02g,246mg,17.26g,43.52g,0.16g,178kcal
떠먹는 아이스박스,24.9mg,0.42g,0.74g,200g,0.63g,0g,1.92g,1.07g,0.02g,551.8kcal
닭개장,1559.21mg,4.53g,0g,250g,12.52g,0mg,75.08g,9.48g,0.03g,487.98kcal
퀸아망,5.29mg,0.44g,0.64g,50g,1.74g,0mg,58.65g,10.59g,0g,230kcal
생크림케이크,1197.64mg,2.17g,7.94g,500g,13.47g,0g,75.2g,12.38g,0g,118.37kcal
안심돈가스,670.7mg,0.19g,1.08g,250g,2.45g,0mg,3.49g,2.58g,0g,797.14kcal
캘리포니아롤,1137.58mg,11.33g,1.51g,670g,20.56g,438.19mg,93.46g,28.56g,0.08g,363.24kcal
해물탕,23mg,0g,0g,500g,5g,0g,3g,0g,0g,499.16kcal
포테이토피자,667mg,6g,3g,200g,0g,0g,0g,23g,0g,85.54kcal
치즈라면,65mg,0g,62g,250g,0g,0g,67g,1g,0g,582.68kcal
새우필라프,1651.58mg,1.4g,4.3g,150g,4.2g,33.6mg,55.1g,15.6g,0.1g,195.06kcal
알곤이탕,19.46mg,0.1g,32.64g,440g,0.47g,0mg,64.94g,3.34g,0.01g,130.33kcal
얼그레이 밀크티 (ice)L,124.15mg,0.03g,0.43g,700g,0.32g,0mg,10.38g,0.29g,0g,383.98kcal
김치만두,1096.58mg,8.4g,0g,200g,38.6g,142.55mg,74.7g,66.4g,0.2g,552kcal
육회비빔밥,1843.68mg,2.3g,36.43g,700g,13.3g,12.28mg,86.22g,16.15g,0.05g,310.2kcal
청국장찌개,2095.9mg,2.8g,20g,470g,18.9g,120.26mg,55.3g,34.4g,0.1g,949.76kcal
언빌리버블버거,66mg,4g,4g,350g,0g,0g,23g,24g,0g,188.33kcal
치킨윙,25.9mg,0.9g,27.4g,40g,0g,0g,0g,1.6g,0g,10.66kcal
초코스콘,88.1mg,3.9g,27g,1000g,0g,0g,0g,3.7g,0g,714kcal
마스카포네치즈,705.16mg,2.54g,0g,1000g,10.47g,44.4mg,45.95g,11.14g,0.05g,312kcal
참치김치찌개,4.8mg,0.41g,0g,100g,1.09g,0mg,89.48g,7.14g,0g,264.36kcal
마늘빵,1016.94mg,11.3g,8.5g,135g,31.6g,217.67mg,23.1g,45.5g,0.3g,204kcal
돌체 라떼 ICE,2301.55mg,2.7g,0.4g,680g,8.2g,47.81mg,58.6g,27.6g,0.2g,54kcal
콜드브루라떼,1908.91mg,2g,0g,250g,5.3g,42.18mg,7.7g,18.1g,0.1g,288.21kcal
스트라치아텔라,200mg,8g,18g,50g,0g,0g,0g,12g,0g,25.34kcal
연근조림,1064.39mg,1.84g,12.88g,200g,9.74g,32.05mg,71.04g,18.88g,0.06g,91.91kcal
쫄깃한 토종효모빵(미니),1504.04mg,10.98g,0g,200g,33.02g,246mg,17.26g,43.52g,0.16g,527.67kcal
키위주스,1651.58mg,1.4g,4.3g,150g,4.2g,33.6mg,55.1g,15.6g,0.1g,352kcal
무짠지,1559.21mg,4.53g,0g,250g,12.52g,0mg,75.08g,9.48g,0.03g,435.04kcal
애호박볶음,5.29mg,0.44g,0.64g,465g,1.74g,0mg,58.65g,10.59g,0g,261kcal
토마토 채소 계란찜,1197.64mg,2.17g,7.94g,425g,13.47g,0g,75.2g,12.38g,0g,157kcal
HOT 이곡 라떼,670.7mg,0.19g,1.08g,550g,2.45g,0mg,3.49g,2.58g,0g,706.96kcal
타로 밀크티 (ice)L,1137.58mg,11.33g,1.51g,200g,20.56g,438.19mg,93.46g,28.56g,0.08g,463.93kcal
김치우동,23mg,0g,0g,200g,5g,0g,3g,0g,0g,140.18kcal
단호박샐러드,65mg,0g,62g,600g,0g,0g,67g,1g,0g,737.25kcal
탕평채,580mg,7g,20g,100g,0g,0g,0g,5g,0g,40.7kcal
티라미수,2391.58mg,8.52g,7.8g,200g,20.32g,10.76mg,133.63g,19.77g,0.17g,339.22kcal
노각무침,857mg,3.4g,1g,150g,10g,23mg,13g,9g,0.5g,130.14kcal
들깨백순대볶음,1210mg,10.18g,0.45g,5g,39.95g,112.67mg,0.4g,47.65g,0.27g,23.5kcal
시금치나물,1251.93mg,10.46g,0.94g,100g,35.47g,114mg,11.82g,30.37g,0.15g,195.16kcal
콘 치즈,110mg,8g,0g,300g,0g,0g,22g,0g,0g,211.16kcal
몬스터와퍼,1220.37mg,15.98g,0.27g,70g,64.07g,171mg,12.08g,43.06g,0.39g,176.72kcal
연유 라떼,736.67mg,11.64g,4.03g,180g,43.19g,433.68mg,34.57g,96.09g,0.28g,260.02kcal
딸기 요거트 스무디,1330.59mg,5.27g,0.77g,500g,13.83g,210.78mg,2.68g,57g,0.39g,512.46kcal
후라이드 치킨,426.64mg,0.9g,1.19g,362g,4.32g,17.15mg,2.61g,9.06g,0.01g,310kcal
달걀말이,861.47mg,11.64g,0g,300g,34.78g,229.31mg,2.32g,65.09g,0.16g,936.89kcal
모카번,627.01mg,3.17g,7.93g,100g,9.64g,42.14mg,12.18g,14.9g,0.12g,150.1kcal
도토리묵 무침,19.46mg,0.1g,32.64g,1000g,0.47g,0mg,64.94g,3.34g,0.01g,316.72kcal
모듬찰떡,124.15mg,0.03g,0.43g,100g,0.32g,0mg,10.38g,0.29g,0g,242.26kcal
팝콘치킨,179.23mg,0.57g,4.72g,32g,4.84g,0mg,68.39g,13.36g,0g,50kcal
머핀,1096.58mg,8.4g,0g,140g,38.6g,142.55mg,74.7g,66.4g,0.2g,318.36kcal
돌체 콜드 브루,1843.68mg,2.3g,36.43g,10g,13.3g,12.28mg,86.22g,16.15g,0.05g,6.03kcal
플레인요거트,1152.79mg,24.83g,0g,350g,83.37g,79.44mg,0.69g,45.11g,0.68g,640.48kcal
메밀전,2095.9mg,2.8g,20g,300g,18.9g,120.26mg,55.3g,34.4g,0.1g,542.42kcal
후라이드치킨(통치킨/핫통치킨),25.9mg,0.9g,27.4g,350g,0g,0g,0g,1.6g,0g,643.16kcal
오리탕,88.1mg,3.9g,27g,100g,0g,0g,0g,3.7g,0g,240.32kcal
짬뽕 순두부 찌개,1446.06mg,1.98g,12.52g,500g,12.34g,84.18mg,66.06g,22.3g,0.06g,400.08kcal
콩나물밥,705.16mg,2.54g,0g,800g,10.47g,44.4mg,45.95g,11.14g,0.05g,651.57kcal
헤이즐넛아메리카노ICE,4.8mg,0.41g,0g,300g,1.09g,0mg,89.48g,7.14g,0g,332.04kcal
너겟킹(4조각),1016.94mg,11.3g,8.5g,200g,31.6g,217.67mg,23.1g,45.5g,0.3g,90.91kcal
BLT샌드위치,2301.55mg,2.7g,0.4g,414g,8.2g,47.81mg,58.6g,27.6g,0.2g,392kcal
우동사리,1908.91mg,2g,0g,355g,5.3g,42.18mg,7.7g,18.1g,0.1g,0kcal
블랙 밀크티 (hot)J,200mg,8g,18g,500g,0g,0g,0g,12g,0g,163.1kcal
풋고추된장무침,1064.39mg,1.84g,12.88g,200g,9.74g,32.05mg,71.04g,18.88g,0.06g,586.08kcal
콤비네이션피자L,1504.04mg,10.98g,0g,80g,33.02g,246mg,17.26g,43.52g,0.16g,66.92kcal
매실장아찌,24.9mg,0.42g,0.74g,50g,0.63g,0g,1.92g,1.07g,0.02g,138kcal
허니머스타드,1559.21mg,4.53g,0g,400g,12.52g,0mg,75.08g,9.48g,0.03g,595.61kcal
야끼 만두,1197.64mg,2.17g,7.94g,150g,13.47g,0g,75.2g,12.38g,0g,395.29kcal
<파빌리온>양갈비 스테이크,670.7mg,0.19g,1.08g,400g,2.45g,0mg,3.49g,2.58g,0g,401.79kcal
삼치튀김 & 타르타르소스,2764.62mg,1.66g,5.07g,500g,7.77g,75.6mg,8.46g,25.55g,0.02g,198.17kcal
콩나물고춧가루무침,1137.58mg,11.33g,1.51g,150g,20.56g,438.19mg,93.46g,28.56g,0.08g,91kcal
두부전골,23mg,0g,0g,125g,5g,0g,3g,0g,0g,305kcal
기스면,65mg,0g,62g,200g,0g,0g,67g,1g,0g,491kcal
소곱창전골,1651.58mg,1.4g,4.3g,200g,4.2g,33.6mg,55.1g,15.6g,0.1g,403.4kcal
멸치주먹밥,19.46mg,0.1g,32.64g,200g,0.47g,0mg,64.94g,3.34g,0.01g,277.31kcal
닭곰탕,124.15mg,0.03g,0.43g,100g,0.32g,0mg,10.38g,0.29g,0g,45.6kcal
닭죽,179.23mg,0.57g,4.72g,200g,4.84g,0mg,68.39g,13.36g,0g,370.54kcal
브로콜리볶음,1096.58mg,8.4g,0g,1200g,38.6g,142.55mg,74.7g,66.4g,0.2g,911.4kcal
버섯샤브샤브,1843.68mg,2.3g,36.43g,600g,13.3g,12.28mg,86.22g,16.15g,0.05g,529.18kcal
망고 패션 후르츠 블렌디드,2095.9mg,2.8g,20g,700g,18.9g,120.26mg,55.3g,34.4g,0.1g,529.36kcal
닭가슴살샐러드,66mg,4g,4g,100g,0g,0g,23g,24g,0g,590kcal
상추겉절이,25.9mg,0.9g,27.4g,100g,0g,0g,0g,1.6g,0g,130.3kcal
꽈배기,88.1mg,3.9g,27g,100g,0g,0g,0g,3.7g,0g,169.7kcal
월남쌈,1446.06mg,1.98g,12.52g,800g,12.34g,84.18mg,66.06g,22.3g,0.06g,464.46kcal
토종효모 통밀가득 로만밀브레드,705.16mg,2.54g,0g,230g,10.47g,44.4mg,45.95g,11.14g,0.05g,322.56kcal
군만두,4.8mg,0.41g,0g,230g,1.09g,0mg,89.48g,7.14g,0g,396.31kcal
오징어덮밥,1016.94mg,11.3g,8.5g,300g,31.6g,217.67mg,23.1g,45.5g,0.3g,558.47kcal
한우불고기버거,2301.55mg,2.7g,0.4g,800g,8.2g,47.81mg,58.6g,27.6g,0.2g,418.35kcal
플랫화이트,19.46mg,0.1g,32.64g,650g,0.47g,0mg,64.94g,3.34g,0.01g,151kcal
크림슨 펀치 HOT,124.15mg,0.03g,0.43g,355g,0.32g,0mg,10.38g,0.29g,0g,240kcal
오븐구이통닭,179.23mg,0.57g,4.72g,250g,4.84g,0mg,68.39g,13.36g,0g,447.32kcal
고메버터식빵,1096.58mg,8.4g,0g,800g,38.6g,142.55mg,74.7g,66.4g,0.2g,540.3kcal
블랙라벨폴인치즈버거,1843.68mg,2.3g,36.43g,100g,13.3g,12.28mg,86.22g,16.15g,0.05g,17.6kcal
초코마카롱,1152.79mg,24.83g,0g,550g,83.37g,79.44mg,0.69g,45.11g,0.68g,450.91kcal
곤드레나물밥,2095.9mg,2.8g,20g,200g,18.9g,120.26mg,55.3g,34.4g,0.1g,292.6kcal
유린기,66mg,4g,4g,302g,0g,0g,23g,24g,0g,465kcal
시래기된장국,25.9mg,0.9g,27.4g,400g,0g,0g,0g,1.6g,0g,46.36kcal
고르곤졸라피자,88.1mg,3.9g,27g,800g,0g,0g,0g,3.7g,0g,206.01kcal
바나나 퐁크러쉬,1446.06mg,1.98g,12.52g,900g,12.34g,84.18mg,66.06g,22.3g,0.06g,673.09kcal
바질 크림 빠네 파스타,705.16mg,2.54g,0g,20g,10.47g,44.4mg,45.95g,11.14g,0.05g,76kcal
바닐라빈 라떼,4.8mg,0.41g,0g,200g,1.09g,0mg,89.48g,7.14g,0g,506kcal
통밀 후레쉬 샌드위치,1016.94mg,11.3g,8.5g,500g,31.6g,217.67mg,23.1g,45.5g,0.3g,272kcal
카푸치노 블라스트 오리지널,2301.55mg,2.7g,0.4g,600g,8.2g,47.81mg,58.6g,27.6g,0.2g,320.32kcal
